ID,Total_counts,X,Y,label
Cell_9,310,4980.7776640043685,-49.77124718,L6
Cell_10,533,8729.177424962336,-53.47311392,L4
Cell_13,452,11547.566359203338,-46.31549263,L2/3
Cell_15,288,3280.980263748094,-37.61281062,L6
Cell_16,457,7582.7936012936025,-45.35031185,L4
Cell_17,472,4691.683640913357,-50.13700344,L6
Cell_20,413,12817.143809250214,-48.95782821,L1
Cell_21,535,3426.1749157353197,-91.88149725,L6
Cell_22,750,5157.435323646905,-84.14511967,L6
Cell_23,304,1480.0390641541394,-61.31039593,CC
Cell_24,462,9461.603944409204,-55.56052131,L2/3
Cell_25,429,12633.158039509875,-58.75377178,L1
Cell_26,290,10688.079207301826,-73.60596399,L2/3
Cell_27,810,12065.723040430503,-73.3875239,L2/3
Cell_28,470,13121.71030541168,-81.66815503,L1
Cell_29,447,4216.013943165919,-74.05760602,L6
Cell_30,260,569.0051671,-78.53595908,HPC
Cell_31,243,2851.3394525758704,-89.30364674,CC
Cell_33,346,1324.5454385139901,-97.24617917,CC
Cell_34,445,3272.789499036609,-134.0175016,L6
Cell_35,477,9137.065470020189,-125.9406405,L4
Cell_36,308,9265.449904807234,-122.7530938,L4
Cell_37,331,3603.864777989649,-138.4808499,L6
Cell_38,417,9856.904745430433,-126.7916739,L2/3
Cell_40,419,9993.975459803054,-133.4635544,L2/3
Cell_41,413,11006.365663322185,-135.4782993,L2/3
Cell_42,299,11766.123323096816,-133.0926944,L2/3
Cell_43,517,4510.078200147984,-143.7522198,L6
Cell_44,322,12922.530949105912,-127.1659613,L1
Cell_45,555,13714.760391198044,-154.9392547,L1
Cell_47,375,9423.857943349753,-159.9070197,L4
Cell_48,281,2553.5340472267985,-168.3947694,CC
Cell_49,374,6873.3405355916675,-157.0903639,L5
Cell_50,541,7081.700869066164,-173.7048045,L5
Cell_51,319,5523.493848136865,-177.9487931,L5
Cell_52,544,4053.37271828073,-166.7445374,L6
Cell_53,490,6314.988253319714,-157.1312199,L5
Cell_54,371,1033.0219326128417,-159.9845518,HPC
Cell_55,293,2246.444957460054,-187.9717784,CC
Cell_56,240,2811.9539800995026,-173.6381426,CC
Cell_57,856,11304.52256939036,-170.8976356,L2/3
Cell_60,603,8723.938967838445,-197.6951882,L4
Cell_61,306,10627.521561338292,-188.5845105,L2/3
Cell_62,699,11822.7615325532,-214.4548412,L2/3
Cell_63,277,934.0705424649491,-184.9060413,HPC
Cell_64,593,10469.804669122545,-224.0120279,L2/3
Cell_65,478,5405.77069525377,-217.9780704,L5
Cell_67,292,12753.131171506411,-253.0161473,L1
Cell_68,349,1346.5820117314795,-255.1228003,CC
Cell_69,237,2669.91797211224,-235.1176622,CC
Cell_70,408,6022.428537635426,-239.6047689,L5
Cell_71,371,8838.501323537355,-247.5229863,L4
Cell_72,305,2801.523310572169,-282.032729,CC
Cell_74,351,3288.2227020357805,-253.9837923,L6
Cell_76,277,1020.5396060352052,-297.1043588,HPC
Cell_77,618,9739.765544601125,-258.2641502,L2/3
Cell_78,798,10631.29537489891,-305.8981014,L2/3
Cell_79,567,3603.870642280611,-289.7450627,L6
Cell_80,250,6890.985098709189,-292.287538,L5
Cell_81,930,12261.389775603171,-307.4996457,L1
Cell_82,333,907.5889338731444,-326.160108,HPC
Cell_85,662,7611.680854533593,-311.7727903,L4
Cell_86,302,1540.9478713179171,-312.2009951,CC
Cell_87,478,221.481114078596,-311.7581076,HPC
Cell_88,417,10343.778746367789,-323.9742171,L2/3
Cell_89,226,2668.301729905381,-324.6981745,CC
Cell_90,603,13298.490532804932,-341.4209232,L1
Cell_92,271,4919.2073907787935,-341.8150003,L6
Cell_93,761,8243.81430278756,-347.414516,L4
Cell_94,732,8525.112070605242,-350.1960665,L4
Cell_95,674,4367.885552096685,-362.9529848,L6
Cell_96,446,9874.984245630174,-354.5161569,L2/3
Cell_97,318,4236.00553303738,-373.7048832,L6
Cell_99,202,4009.928921568628,-356.9109477,L6
Cell_100,541,8916.875944641719,-364.500091,L4
Cell_101,434,3486.9976223499107,-377.9730038,L6
Cell_102,205,1196.0749902152645,-356.8812524,HPC
Cell_103,897,11586.146847890765,-398.0127776,L2/3
Cell_104,272,113.55008371341148,-393.3266555,HPC
Cell_105,726,11266.302676317118,-366.4395556,L2/3
Cell_106,787,9341.235639880952,-364.4475446,L4
Cell_107,324,9724.855300673924,-398.2109253,L2/3
Cell_108,293,2213.414953751285,-389.2617677,CC
Cell_110,456,5937.647169574495,-416.5598511,L5
Cell_111,657,563.179523752922,-414.4234716,HPC
Cell_113,719,4112.985992586846,-439.3453151,L6
Cell_114,524,7674.855403753122,-427.938334,L4
Cell_115,207,12637.866247755836,-438.6461564,L1
Cell_116,298,1467.2185413188647,-445.3098393,CC
Cell_117,443,8116.014514348785,-444.1738962,L4
Cell_118,886,7820.841310189557,-448.1179098,L4
Cell_119,363,12177.441651529285,-441.4962934,L2/3
Cell_121,382,4900.319013164506,-473.9714099,L6
Cell_122,340,6866.15373823581,-453.6164143,L5
Cell_123,443,1275.9749443745768,-453.5991584,HPC
Cell_124,811,10801.314967767928,-484.0729586,L2/3
Cell_125,908,5641.312541347699,-482.4385219,L5
Cell_126,294,9934.885729775317,-464.7853141,L2/3
Cell_127,537,9067.296395330899,-483.4840335,L4
Cell_129,481,8947.835058849172,-501.5311683,L4
Cell_131,296,10643.39586998088,-519.3427151,L2/3
Cell_132,375,2229.6226002188396,-538.5165622,CC
Cell_134,360,2784.7742473486146,-542.4450907,CC
Cell_135,305,1263.3697005438698,-561.44617,HPC
Cell_138,835,3535.085668676836,-542.8382405,L6
Cell_139,301,3946.0989238410602,-581.927921,L6
Cell_140,568,7586.721425522835,-567.037644,L4
Cell_142,613,7417.800834109766,-600.3370602,L4
Cell_143,205,1362.9635472888815,-590.4434941,CC
Cell_144,684,8636.667563884157,-586.4473935,L4
Cell_145,327,9373.896543638324,-620.5926933,L4
Cell_146,325,9657.67508261049,-615.9554936,L2/3
Cell_147,381,1841.6568400854737,-632.9355458,CC
Cell_148,205,5819.910818514999,-603.3552328,L5
Cell_149,393,10940.970249470583,-639.9638448,L2/3
Cell_150,321,3404.89634551495,-635.1078405,L6
Cell_151,421,12572.14918703564,-628.1883816,L1
Cell_152,730,4779.012954747116,-632.0201952,L6
Cell_153,354,11057.109207400475,-643.6434382,L2/3
Cell_154,372,11168.432211101,-655.3500152,L2/3
Cell_155,626,4292.127796148609,-637.8552811,L6
Cell_156,221,10519.834275436791,-646.1267343,L2/3
Cell_157,349,7097.4574814814805,-676.3642469,L5
Cell_159,244,1671.3903292791456,-668.3987541,CC
Cell_160,676,4545.6214574898795,-676.2134362,L6
Cell_162,569,5950.0987458046275,-673.994259,L5
Cell_163,301,6704.930770401175,-686.2334026,L5
Cell_164,209,1317.4340107891105,-692.6813449,CC
Cell_165,249,3561.4000460087423,-685.5635496,L6
Cell_166,253,11700.779482595957,-680.2501614,L2/3
Cell_167,584,3223.252509821039,-667.8535137,L6
Cell_168,442,3731.8066116994255,-680.9378688,L6
Cell_169,318,3913.011418667482,-697.5043075,L6
Cell_171,287,9213.22739018088,-708.3771486,L4
Cell_172,454,12084.397770307649,-695.1128037,L2/3
Cell_173,223,5614.942710180915,-711.5579402,L5
Cell_174,401,12519.819557021678,-718.9760603,L1
Cell_176,271,13014.974554225984,-719.7083195,L1
Cell_177,1076,6393.110025363771,-740.7602456,L5
Cell_178,210,13535.715902008726,-741.6231363,L1
Cell_179,202,6932.335108230121,-713.6905892,L5
Cell_180,277,4401.292594859241,-732.3090575,L6
Cell_181,275,1122.0925258204486,-730.0242621,HPC
Cell_182,527,5458.770682457187,-720.2836756,L5
Cell_183,456,10025.159345083654,-756.3313501,L2/3
Cell_184,423,10403.334663596828,-748.7111282,L2/3
Cell_185,553,8280.727639181261,-770.2260492,L4
Cell_186,462,9465.485736836172,-750.672868,L2/3
Cell_187,207,12132.393776983772,-790.8235075,L2/3
Cell_188,384,4188.768833794425,-772.7336667,L6
Cell_190,233,11060.377275296778,-778.4997174,L2/3
Cell_191,424,9881.11054319503,-801.1502806,L2/3
Cell_192,548,5276.054602336609,-795.4436134,L6
Cell_193,605,8461.276511437909,-771.2752859,L4
Cell_194,405,818.8129784186873,-796.3022371,HPC
Cell_195,308,7467.520177315806,-806.139305,L4
Cell_196,275,1440.0329164297893,-813.5073337,CC
Cell_197,298,1555.0842368247384,-793.4481003,CC
Cell_198,422,4648.338248919086,-791.5435454,L6
Cell_199,203,4754.171814092952,-813.9931034,L6
Cell_200,356,6967.80464987545,-831.0357598,L5
Cell_201,246,11574.510636913667,-817.9962917,L2/3
Cell_203,342,2837.4873761725257,-842.3512755,CC
Cell_204,587,3234.9841057833582,-840.0728374,L6
Cell_205,711,7907.473266692754,-831.1210202,L4
Cell_206,672,9231.32137477206,-838.3152303,L4
Cell_207,646,12877.200545962418,-800.5469782,L1
Cell_208,211,11373.040512739355,-842.5637495,L2/3
Cell_209,274,13055.215065568773,-826.7362001,L1
Cell_210,309,13185.68795831725,-840.0530683,L1
Cell_211,430,4038.0562568749683,-828.5061547,L6
Cell_212,313,11875.328105794091,-826.961514,L2/3
Cell_214,454,12336.856854838708,-839.0049395,L1
Cell_215,361,5526.636273044344,-844.9705406,L5
Cell_216,391,10719.623397702679,-855.1961462,L2/3
Cell_217,446,10356.890306122448,-861.6840534,L2/3
Cell_218,366,3550.542351973684,-843.3590226,L6
Cell_219,374,10953.944621983012,-875.4612732,L2/3
Cell_220,661,8471.899555696604,-874.9891569,L4
Cell_221,784,4976.649381572855,-859.7859316,L6
Cell_222,819,12690.877985948478,-864.8534292,L1
Cell_223,640,11714.546982947966,-886.4602851,L2/3
Cell_224,290,4411.115720355349,-889.5402086,L6
Cell_225,218,13788.879467944273,-881.0151926,L1
Cell_226,370,6485.44718427191,-893.6447184,L5
Cell_227,307,4637.071612249669,-900.6077301,L6
Cell_228,315,9517.001178244887,-914.0714959,L2/3
Cell_229,321,888.5757215997626,-900.4687245,HPC
Cell_230,667,3716.0996859269458,-895.1677064,L6
Cell_233,224,4138.465340086831,-921.8537627,L6
Cell_234,711,8235.884081956903,-933.8971898,L4
Cell_235,983,6364.3886380603635,-948.9359736,L5
Cell_236,399,1004.05445609724,-910.2877265,HPC
Cell_237,556,12384.059204840105,-932.5363625,L1
Cell_238,903,12538.381911037894,-952.6380231,L1
Cell_239,208,10618.739328828051,-977.3800035,L2/3
Cell_241,218,7647.799540807959,-972.9126442,L4
Cell_242,541,11272.80827586207,-988.9543336,L2/3
Cell_243,359,10170.079534289644,-994.6602967,L2/3
Cell_244,975,11875.101639344262,-1008.209675,L2/3
Cell_248,492,13789.853722778797,-1034.748836,L1
Cell_250,347,9584.54918115649,-1013.09538,L2/3
Cell_252,1020,8028.457284185229,-1024.276891,L4
Cell_253,791,10793.503522071647,-1036.54203,L2/3
Cell_254,452,2758.049290125933,-1040.187375,CC
Cell_255,531,6528.879456758331,-1041.316871,L5
Cell_256,391,12850.602546612097,-1056.857094,L1
Cell_257,247,7451.838360655738,-1045.029443,L4
Cell_258,254,11622.243741113929,-1048.029177,L2/3
Cell_259,236,9090.296832402959,-1049.552382,L4
Cell_260,420,5726.84800769277,-1047.930825,L5
Cell_261,269,9885.527298850577,-1062.934997,L2/3
Cell_262,251,1158.2631078610602,-1049.030786,HPC
Cell_263,448,4688.951023017903,-1067.625064,L6
Cell_264,277,10169.6361287147,-1071.756783,L2/3
Cell_265,376,1401.7751695608256,-1073.606667,CC
Cell_266,582,5973.407987992996,-1080.024389,L5
Cell_267,345,2219.5365330694376,-1065.068283,CC
Cell_268,210,6861.253837342498,-1087.373807,L5
Cell_269,691,5350.215682605034,-1092.243988,L6
Cell_270,499,3621.745719435266,-1094.893311,L6
Cell_271,509,4779.453811149033,-1120.637429,L6
Cell_272,521,12342.631908862968,-1114.80846,L1
Cell_274,465,5714.3488341457,-1140.039323,L5
Cell_275,409,12462.33503613934,-1126.377806,L1
Cell_276,230,8655.813805871463,-1158.379926,L4
Cell_277,417,3505.2885793366304,-1141.849857,L6
Cell_278,573,4218.858736372437,-1178.457255,L6
Cell_279,259,8232.027050359713,-1137.581525,L4
Cell_280,274,3237.8386755461506,-1155.9822,L6
Cell_281,269,4097.700735014573,-1167.065644,L6
Cell_283,738,4985.3519181423635,-1138.504387,L6
Cell_284,254,8388.112646338142,-1179.313096,L4
Cell_285,269,9025.984789508351,-1174.273609,L4
Cell_286,335,7018.495564817785,-1165.756492,L5
Cell_288,822,11466.457379952086,-1179.740183,L2/3
Cell_289,297,1651.9758322198336,-1173.20165,CC
Cell_290,603,10526.49812990002,-1176.527332,L2/3
Cell_291,977,11021.974076176572,-1193.664369,L2/3
Cell_292,228,6833.349398519434,-1185.312384,L5
Cell_293,873,13748.329299796058,-1176.369952,L1
Cell_295,250,5269.87147044106,-1207.216956,L6
Cell_296,277,1782.2939571602717,-1199.785105,CC
Cell_297,335,7913.049481461398,-1202.243205,L4
Cell_299,253,1410.5652382256299,-1200.837076,CC
Cell_300,730,9967.59226133354,-1219.417949,L2/3
Cell_301,294,9134.174335930837,-1216.956772,L4
Cell_302,346,2631.9889615699103,-1228.553615,CC
Cell_303,714,9536.791261403903,-1238.492762,L2/3
Cell_306,674,4676.9663387267265,-1257.905927,L6
Cell_307,501,12803.096144153225,-1233.088017,L1
Cell_308,330,8358.900085198668,-1266.294323,L4
Cell_309,249,7821.148222222222,-1243.66837,L4
Cell_310,249,10336.177042171406,-1238.510915,L2/3
Cell_311,672,4518.31580575317,-1240.460872,L6
Cell_312,204,12926.94379032258,-1253.750806,L1
Cell_313,296,8008.630755922279,-1264.676071,L4
Cell_315,554,3399.126559991715,-1262.722749,L6
Cell_316,597,244.6287343732296,-1283.544737,HPC
Cell_317,341,13013.608494085049,-1234.754183,L1
Cell_318,318,907.7424593101387,-1306.317456,HPC
Cell_319,501,12211.03347689898,-1270.908771,L1
Cell_320,348,1874.2156063389987,-1295.189768,CC
Cell_321,509,3682.6929732128,-1292.338861,L6
Cell_323,345,13102.10534591195,-1321.464715,L1
Cell_324,272,1420.7231046750517,-1323.806133,CC
Cell_325,700,12084.743488519829,-1292.026409,L2/3
Cell_326,534,9336.888855204821,-1318.031642,L4
Cell_328,674,4339.851014514781,-1319.225397,L6
Cell_329,694,5111.3915163528245,-1358.138355,L6
Cell_330,696,10808.13406170005,-1349.898715,L2/3
Cell_331,771,11487.258774970069,-1343.883011,L2/3
Cell_332,423,12785.843337541604,-1335.477505,L1
Cell_333,282,2678.3182706544267,-1336.960794,CC
Cell_334,273,7341.835791327317,-1349.881356,L5
Cell_336,403,4549.232661121418,-1361.531566,L6
Cell_338,720,5286.568024657209,-1359.002608,L6
Cell_339,603,7801.812566813161,-1377.105238,L4
Cell_340,384,520.6127119039836,-1356.900574,HPC
Cell_341,205,11263.332696206198,-1382.350652,L2/3
Cell_342,672,12231.851927946867,-1400.638396,L1
Cell_343,237,3418.4048114048114,-1402.99161,L6
Cell_345,359,1884.8684348586414,-1420.552375,CC
Cell_347,467,3651.897558775441,-1431.522693,L6
Cell_348,254,12515.65684088044,-1408.845632,L1
Cell_349,207,12814.775857621873,-1427.900782,L1
Cell_350,234,8606.801302594851,-1439.08777,L4
Cell_351,524,11921.279118102537,-1448.923017,L2/3
Cell_352,214,1381.7812342074235,-1457.678533,CC
Cell_353,202,6039.782731413176,-1478.457053,L5
Cell_354,301,9338.68210351012,-1460.402959,L4
Cell_356,540,4828.046897408929,-1483.085142,L6
Cell_357,511,9021.601371815428,-1493.968555,L4
Cell_358,208,10070.065643648764,-1512.123956,L2/3
Cell_359,459,8652.023365617433,-1512.21023,L4
Cell_361,661,3892.744397033846,-1507.413563,L6
Cell_362,207,5940.649929720445,-1522.741293,L5
Cell_363,356,3372.3893036801696,-1520.333704,L6
Cell_365,258,5579.130817542541,-1514.155349,L5
Cell_366,647,12309.481344291391,-1523.199406,L1
Cell_367,828,6613.906113865104,-1529.334798,L5
Cell_368,626,13328.381576046217,-1542.737267,L1
Cell_369,319,7285.562084384315,-1527.725006,L5
Cell_370,740,11480.571652224571,-1544.270007,L2/3
Cell_371,217,2670.02129210266,-1551.714561,CC
Cell_372,418,5232.357457993055,-1552.627006,L6
Cell_373,233,7951.528514180024,-1548.538764,L4
Cell_374,305,9329.186835511613,-1559.203088,L4
Cell_375,275,10198.444671111554,-1568.587173,L2/3
Cell_377,401,8815.330976040968,-1574.954642,L4
Cell_378,661,1263.9676511954992,-1584.250738,HPC
Cell_379,533,4811.229307944493,-1601.983383,L6
Cell_380,231,7712.822645208726,-1590.685647,L4
Cell_381,624,6921.35606120047,-1594.49184,L5
Cell_382,893,6774.151265250791,-1587.388086,L5
Cell_383,414,10561.55147405105,-1604.571207,L2/3
Cell_384,347,1630.314853123707,-1605.284118,CC
Cell_385,227,4273.595708472069,-1617.951017,L6
Cell_386,306,1891.352522068096,-1631.125536,CC
Cell_387,296,8604.25672490294,-1641.993206,L4
Cell_388,659,12538.948207171316,-1650.73618,L1
Cell_389,318,7384.247604491212,-1664.426724,L4
Cell_390,384,9048.916102136529,-1656.910512,L4
Cell_391,348,11095.62515921944,-1657.234779,L2/3
Cell_392,701,12375.602452775835,-1663.428495,L1
Cell_393,349,8721.750589885849,-1658.361584,L4
Cell_395,288,10370.918618988902,-1666.206294,L2/3
Cell_396,1027,11912.445192030033,-1668.47199,L2/3
Cell_397,449,6650.4467858095495,-1672.995839,L5
Cell_398,672,400.7796357439557,-1686.336032,HPC
Cell_399,244,5471.524020694753,-1693.791513,L5
Cell_400,334,10638.058233159449,-1695.155137,L2/3
Cell_401,547,3419.9983596719344,-1726.070774,L6
Cell_403,254,1471.2128239350461,-1712.698977,CC
Cell_404,1133,7607.075434584839,-1729.914509,L4
Cell_405,448,1831.4354441464616,-1723.405834,CC
Cell_406,780,5065.355604680413,-1720.831726,L6
Cell_407,226,2349.474271378243,-1720.222803,CC
Cell_408,670,12812.437598142964,-1741.92309,L1
Cell_409,628,9733.717967825363,-1736.826853,L2/3
Cell_410,612,4820.262720426157,-1761.052397,L6
Cell_411,550,3513.174202923327,-1762.37251,L6
Cell_412,768,733.2044486082988,-1771.327964,HPC
Cell_413,393,8600.527366825241,-1774.047519,L4
Cell_414,668,4057.067257627265,-1769.616765,L6
Cell_415,306,6136.4003870967745,-1775.368065,L5
Cell_417,418,10084.821558089743,-1763.12151,L2/3
Cell_418,536,4429.864528895429,-1793.252778,L6
Cell_419,582,9595.376568136542,-1791.37673,L2/3
Cell_420,256,204.1443283279221,-1795.103389,HPC
Cell_421,459,3672.704542409219,-1792.467975,L6
Cell_422,335,10459.302942019294,-1792.198539,L2/3
Cell_423,747,5896.952767476034,-1780.505563,L5
Cell_424,278,4560.327047146402,-1782.574335,L6
Cell_425,283,5415.581635128578,-1823.50746,L5
Cell_426,380,6628.4957377424325,-1848.103152,L5
Cell_428,306,11077.685434516523,-1823.641872,L2/3
Cell_429,643,10945.871798263017,-1827.346471,L2/3
Cell_430,686,12398.754018852429,-1850.679313,L1
Cell_431,379,2935.454494565471,-1864.351122,CC
Cell_433,1094,11521.912485035913,-1855.559806,L2/3
Cell_434,580,3673.2362827270367,-1916.250626,L6
Cell_435,203,4553.741418145779,-1882.765294,L6
Cell_436,217,7434.632677140906,-1879.208222,L4
Cell_437,266,6522.6623754996945,-1887.098177,L5
Cell_438,850,9102.99012175511,-1894.617237,L4
Cell_439,210,9521.011093890203,-1887.813525,L2/3
Cell_440,317,1536.7712510590231,-1891.643547,CC
Cell_441,579,13458.360749759693,-1876.392086,L1
Cell_442,702,3242.135306712745,-1879.975846,L6
Cell_443,225,7074.874133575177,-1912.112263,L5
Cell_444,547,11999.200987188733,-1906.708169,L2/3
Cell_446,394,8733.114543422733,-1890.691411,L4
Cell_447,555,8474.954367841905,-1922.11161,L4
Cell_448,533,6337.715992209479,-1926.723436,L5
Cell_449,569,4077.5133860172573,-1944.415975,L6
Cell_450,282,8905.059566672984,-1946.883204,L4
Cell_451,240,2229.736591333462,-1914.575559,CC
Cell_452,614,4247.094197583291,-1951.053044,L6
Cell_453,332,8262.113869907673,-1938.938501,L4
Cell_454,602,10193.01467637222,-1947.499548,L2/3
Cell_455,278,2129.236849648846,-1940.493049,CC
Cell_456,220,5990.443538355217,-1951.102764,L5
Cell_457,276,11876.677513711153,-1965.245521,L2/3
Cell_458,523,13693.87027148306,-1979.586538,L1
Cell_459,453,13803.298437071566,-1978.040691,L1
Cell_460,616,8074.151013617058,-1971.472262,L4
Cell_461,511,1327.4412436755345,-1995.007222,CC
Cell_462,251,9605.875577206069,-2014.575785,L2/3
Cell_463,661,12071.3768993552,-2002.164508,L2/3
Cell_464,493,1674.5398886827459,-2012.004793,CC
Cell_465,1021,11673.334576106336,-2048.199762,L2/3
Cell_466,293,2221.314025571484,-2048.078264,CC
Cell_467,809,12249.327046035804,-2019.002629,L1
Cell_468,261,2522.381536066929,-2026.619048,CC
Cell_470,779,9914.660955638134,-2043.864086,L2/3
Cell_471,301,2086.1667300139366,-2050.769796,CC
Cell_472,692,5163.644534376946,-2058.563995,L6
Cell_473,947,12614.597120523991,-2083.294497,L1
Cell_474,425,3174.1782348346783,-2071.441656,CC
Cell_476,733,4701.313734798963,-2088.959975,L6
Cell_477,517,6500.3934709842415,-2062.276355,L5
Cell_478,707,11264.252663549149,-2100.919202,L2/3
Cell_480,327,9130.210666946088,-2110.974119,L4
Cell_481,1086,10750.387593222124,-2129.216723,L2/3
Cell_482,446,3428.0169431835966,-2106.30173,L6
Cell_483,477,337.5853822716644,-2104.651669,HPC
Cell_484,316,12088.098012078508,-2121.443256,L2/3
Cell_485,460,3812.059185918592,-2124.069967,L6
Cell_486,551,5413.996319292114,-2132.800573,L5
Cell_487,467,8682.971725193762,-2126.942972,L4
Cell_488,629,10433.53763899367,-2137.16958,L2/3
Cell_489,624,12316.578089530554,-2127.005312,L1
Cell_493,520,11364.6960888216,-2163.473833,L2/3
Cell_494,269,11064.726384708802,-2149.46333,L2/3
Cell_495,278,2620.13862968723,-2182.843313,CC
Cell_496,502,8496.021765913758,-2185.271869,L4
Cell_497,280,12201.394696738798,-2176.772833,L1
Cell_498,225,6304.2727411090245,-2183.450408,L5
Cell_500,669,5189.623860157356,-2246.767949,L6
Cell_501,364,3177.2049806178784,-2189.509691,CC
Cell_503,863,13042.421541944,-2206.336792,L1
Cell_504,494,3705.1120896717375,-2216.756605,L6
Cell_505,502,9477.672614832647,-2217.968937,L2/3
Cell_506,1168,7248.250865392733,-2222.635944,L5
Cell_507,501,7624.078644475637,-2212.610267,L4
Cell_508,304,2081.3231816079806,-2257.276475,CC
Cell_509,520,8784.93323505635,-2217.863617,L4
Cell_510,624,4035.588924802368,-2205.416488,L6
Cell_511,801,11604.559972700903,-2249.071797,L2/3
Cell_512,405,3560.021199402433,-2230.532759,L6
Cell_514,554,6576.766605363329,-2262.367478,L5
Cell_515,882,12233.935237588788,-2282.49812,L1
Cell_516,563,10307.7912354021,-2276.357497,L2/3
Cell_517,262,6417.2165647214415,-2279.929575,L5
Cell_518,230,1581.4925633206797,-2294.606012,CC
Cell_519,445,10558.718125372121,-2298.180105,L2/3
Cell_520,1221,6947.637525399662,-2306.617524,L5
Cell_521,314,9010.966353174836,-2302.794322,L4
Cell_522,222,3166.387577738797,-2301.763275,CC
Cell_523,1165,12545.926479971644,-2277.131395,L1
Cell_524,662,3356.3993684210527,-2300.641684,L6
Cell_525,360,3607.285243249969,-2318.858218,L6
Cell_527,236,9188.23651235642,-2302.844704,L4
Cell_528,261,1357.3006037496027,-2342.230696,CC
Cell_529,562,8217.042637122833,-2311.102144,L4
Cell_530,520,9380.86202759448,-2317.153569,L4
Cell_531,595,9794.00145658846,-2320.601415,L2/3
Cell_532,637,11382.334001359912,-2373.467845,L2/3
Cell_534,604,4021.1535896529076,-2358.057091,L6
Cell_535,207,1433.9199215558099,-2363.556545,CC
Cell_536,508,10183.901622498648,-2359.51417,L2/3
Cell_537,390,12979.17099544702,-2367.484685,L1
Cell_538,280,2676.5566769792567,-2385.187655,CC
Cell_539,1049,6299.526419146978,-2384.847407,L5
Cell_540,233,10913.24751222318,-2382.218522,L2/3
Cell_541,691,3861.974471728218,-2394.681947,L6
Cell_542,632,9879.706016987946,-2402.255124,L2/3
Cell_544,795,11910.411625450703,-2418.077576,L2/3
Cell_545,303,56.79647507858107,-2397.136956,HPC
Cell_547,354,12793.886234223655,-2400.143998,L1
Cell_548,483,4897.680806481654,-2403.217499,L6
Cell_549,394,9065.103145478377,-2435.425819,L4
Cell_550,222,1519.775072054585,-2442.446327,CC
Cell_551,268,12339.975925462732,-2476.581853,L1
Cell_552,517,8971.452567608629,-2480.758554,L4
Cell_553,374,8762.017298556959,-2481.335664,L4
Cell_554,523,10775.797955850589,-2477.902323,L2/3
Cell_555,418,5875.07868852459,-2468.329309,L5
Cell_556,402,9214.418371141688,-2491.567373,L4
Cell_557,792,7949.356976611088,-2481.9148,L4
Cell_558,575,8375.271878188525,-2507.426026,L4
Cell_559,398,4675.608398987057,-2501.907358,L6
Cell_560,400,8619.853753656158,-2505.944156,L4
Cell_561,337,10357.302654356608,-2515.348144,L2/3
Cell_562,328,10908.300122216908,-2515.18375,L2/3
Cell_563,485,9323.36140485804,-2518.036211,L4
Cell_564,202,11593.626422463134,-2542.120059,L2/3
Cell_565,248,11701.318829445454,-2543.315617,L2/3
Cell_566,794,6260.788397992902,-2527.967242,L5
Cell_567,380,3188.882249182585,-2567.109017,L6
Cell_568,282,1894.2250187611846,-2578.283265,CC
Cell_569,706,7833.776540652511,-2592.445322,L4
Cell_570,651,5160.499735589635,-2568.470474,L6
Cell_571,869,4750.559976914432,-2604.13095,L6
Cell_573,367,9406.123972292356,-2577.819253,L4
Cell_575,586,9640.303373893803,-2588.301899,L2/3
Cell_576,554,10758.184289426345,-2600.279782,L2/3
Cell_577,637,12354.714457624204,-2600.379061,L1
Cell_578,321,3543.3048075567463,-2602.215424,L6
Cell_580,648,11423.227783415483,-2617.730719,L2/3
Cell_581,347,4380.546015770907,-2625.934426,L6
Cell_582,474,8859.519299087855,-2609.608929,L4
Cell_584,552,11070.157117198025,-2634.445308,L2/3
Cell_585,831,12081.764841321616,-2619.721785,L2/3
Cell_588,247,8246.641001506025,-2650.385605,L4
Cell_589,657,8470.13893025315,-2634.552703,L4
Cell_591,537,6267.937185804589,-2662.712458,L5
Cell_592,248,6510.625669045496,-2635.121041,L5
Cell_593,228,7153.1762709467575,-2640.240331,L5
Cell_594,307,12681.634820112464,-2654.794945,L1
Cell_595,281,8105.333286739353,-2696.45746,L4
Cell_596,904,7388.5661657189285,-2676.173517,L4
Cell_597,384,3604.544609213565,-2686.614136,L6
Cell_599,666,10480.248647384944,-2700.224668,L2/3
Cell_600,545,12540.942860037483,-2688.598349,L1
Cell_601,481,5183.156844922487,-2704.91577,L6
Cell_602,451,5835.864819391135,-2696.002208,L5
Cell_603,265,9499.308780891895,-2715.613075,L2/3
Cell_604,417,1302.519166019166,-2723.030044,CC
Cell_605,304,9599.84628111604,-2713.125517,L2/3
Cell_606,423,12245.15578396733,-2707.899738,L1
Cell_607,462,13766.040384044343,-2718.985103,L1
Cell_609,362,13659.665962099123,-2725.695117,L1
Cell_610,341,7883.186997767856,-2720.150614,L4
Cell_611,584,9169.415213523132,-2727.002135,L4
Cell_612,272,12035.212904248574,-2730.176918,L2/3
Cell_613,569,10107.571923343341,-2753.158816,L2/3
Cell_614,506,7146.9185265936085,-2762.671524,L5
Cell_615,767,4501.69393366558,-2749.463001,L6
Cell_616,292,13152.812285427559,-2755.952675,L1
Cell_617,308,8902.434525080043,-2774.296158,L4
Cell_618,430,11024.439561519934,-2761.817234,L2/3
Cell_619,241,4278.245867313202,-2773.7608,L6
Cell_620,255,6125.4983915167395,-2756.518527,L5
Cell_621,639,3308.4597887615632,-2755.244857,L6
Cell_622,451,7457.7196646774655,-2762.800417,L4
Cell_623,718,9888.003608516095,-2774.235115,L2/3
Cell_625,820,10876.802909497832,-2805.530424,L2/3
Cell_626,703,12590.237799290864,-2814.244811,L1
Cell_627,669,7895.625663589843,-2823.621359,L4
Cell_628,438,8243.272920669777,-2836.964487,L4
Cell_629,211,5898.841770908376,-2819.309582,L5
Cell_630,333,6639.1051018568605,-2828.540112,L5
Cell_631,209,2876.790802927865,-2823.883221,CC
Cell_632,751,11668.687449478086,-2821.165185,L2/3
Cell_633,232,6494.381793245329,-2835.134236,L5
Cell_634,291,2423.914653383147,-2856.557161,CC
Cell_635,246,3480.760387252925,-2841.649556,L6
Cell_637,207,6720.130916154096,-2835.816769,L5
Cell_638,647,7023.0975683496745,-2851.625966,L5
Cell_639,769,10540.23349022964,-2860.314114,L2/3
Cell_640,412,13118.952590959208,-2869.30891,L1
Cell_642,497,10007.907065706573,-2862.776946,L2/3
Cell_643,682,11886.481489820206,-2864.191277,L2/3
Cell_644,658,9342.740478397924,-2883.394956,L4
Cell_646,647,11330.104060473665,-2889.416554,L2/3
Cell_647,468,153.16978417266188,-2884.209353,HPC
Cell_648,622,8815.986072423399,-2901.769072,L4
Cell_649,483,9542.045269286757,-2895.484959,L2/3
Cell_651,310,3882.5834255502273,-2913.063015,L6
Cell_652,265,2398.603375896449,-2948.4212,CC
Cell_653,413,8501.546103025661,-2934.131655,L4
Cell_654,391,12926.02696931718,-2967.259017,L1
Cell_655,428,3129.341524757663,-2963.402725,CC
Cell_656,663,788.2033155847589,-2940.752011,HPC
Cell_657,374,629.8147021999642,-2968.124262,HPC
Cell_658,383,139.79772757299511,-2972.393315,HPC
Cell_659,267,2617.700547730829,-2972.791706,CC
Cell_661,256,9938.92293977813,-2987.083465,L2/3
Cell_662,504,10407.896252204586,-2975.62866,L2/3
Cell_663,301,4379.092704808373,-2990.079326,L6
Cell_664,325,10044.187956529486,-2981.734307,L2/3
Cell_665,355,5883.443242166755,-2986.698885,L5
Cell_666,640,4932.75169036061,-2986.115508,L6
Cell_667,340,11722.59234777574,-2967.600984,L2/3
Cell_668,1061,10839.360551282769,-3006.045529,L2/3
Cell_670,360,2835.458720524252,-3002.106462,CC
Cell_671,1040,11273.085073201784,-2999.802419,L2/3
Cell_672,416,12515.513342882912,-3001.374874,L1
Cell_673,360,1547.1496354458775,-3013.925911,CC
Cell_674,367,1244.6431395397228,-3048.445379,HPC
Cell_675,217,13673.545295770371,-3012.435189,L1
Cell_677,513,3691.825081511895,-3024.478445,L6
Cell_678,425,9453.903776715135,-3035.831658,L2/3
Cell_679,453,8243.873990661907,-3026.989014,L4
Cell_680,239,2358.0693064577763,-3043.66646,CC
Cell_681,382,3817.7915890338036,-3058.446526,L6
Cell_682,295,8978.076134122288,-3061.686982,L4
Cell_683,255,9279.678230932202,-3050.132592,L4
Cell_684,316,10130.150963426933,-3068.433038,L2/3
Cell_685,575,12377.327016306743,-3068.518192,L1
Cell_686,358,8573.483808719773,-3067.279503,L4
Cell_687,325,2728.1598922338057,-3085.260454,CC
Cell_688,269,9121.914787296995,-3070.532382,L4
Cell_689,761,752.2757794676806,-3086.247947,HPC
Cell_690,377,2569.6102011293106,-3095.052126,CC
Cell_691,769,5730.760681240093,-3076.250562,L5
Cell_692,474,5889.51979805979,-3106.562413,L5
Cell_693,403,3605.7832772705433,-3104.644058,L6
Cell_694,265,8421.82225890769,-3087.301004,L4
Cell_695,343,1971.5562997986167,-3089.067376,CC
Cell_696,309,5281.154065090954,-3111.867838,L6
Cell_697,478,12520.830922330095,-3119.364126,L1
Cell_698,207,5162.241007777056,-3109.734608,L6
Cell_699,434,12843.98581861413,-3102.689538,L1
Cell_700,469,3109.3718163044546,-3115.296883,CC
Cell_701,587,6561.9608535794105,-3126.322111,L5
Cell_702,305,7830.611671430883,-3152.971415,L4
Cell_703,252,964.340937256162,-3156.994676,HPC
Cell_705,299,8632.113784949228,-3152.707748,L4
Cell_706,357,10847.155834136933,-3134.113163,L2/3
Cell_709,234,10537.95958780511,-3176.67656,L2/3
Cell_710,280,4695.3617613200295,-3208.645961,L6
Cell_711,306,7599.75807988909,-3194.717226,L4
Cell_712,229,13191.12100886918,-3199.390687,L1
Cell_714,419,3493.991927671941,-3211.808976,L6
Cell_715,221,1957.646922915354,-3218.701813,CC
Cell_716,253,2296.2310702272257,-3240.326354,CC
Cell_717,340,9433.626521030948,-3237.342963,L4
Cell_720,434,4851.737790343145,-3222.546926,L6
Cell_721,546,3163.1275102185887,-3261.271814,CC
Cell_723,721,9179.914874057731,-3251.387792,L4
Cell_724,862,5420.8777454780375,-3292.023159,L5
Cell_726,495,3398.559895833333,-3276.195313,L6
Cell_727,256,4023.7366710306533,-3294.917972,L6
Cell_729,434,3834.5000666933443,-3289.026277,L6
Cell_731,591,2607.8250893921336,-3307.973513,CC
Cell_733,534,8987.674425934263,-3300.910896,L4
Cell_736,369,4817.730285572694,-3353.129096,L6
Cell_738,314,12381.584829928472,-3345.11007,L1
Cell_739,287,2867.6110561353003,-3324.503643,CC
Cell_740,521,8490.711434580016,-3372.493134,L4
Cell_741,312,13336.230149253734,-3368.385928,L1
Cell_742,251,3517.274737394958,-3374.082248,L6
Cell_743,356,8228.23807147135,-3367.202386,L4
Cell_744,217,2287.453808353808,-3369.2414,CC
Cell_745,476,3293.569457448381,-3367.380328,L6
Cell_746,254,7617.107940131913,-3355.626268,L4
Cell_747,594,6150.335023493221,-3418.905993,L5
Cell_748,802,6928.143421017059,-3400.297115,L5
Cell_749,454,1369.396909098284,-3414.776011,CC
Cell_750,266,7824.126729013832,-3414.199082,L4
Cell_751,464,13568.302459877006,-3446.25915,L1
Cell_752,361,2826.7049630060687,-3478.282484,CC
Cell_753,903,10959.170543849212,-3460.281255,L2/3
Cell_754,306,6394.790090750239,-3460.967364,L5
Cell_755,644,7990.409354937328,-3482.447073,L4
Cell_756,201,2258.627073815821,-3489.197704,CC
Cell_758,420,7090.425116237482,-3469.077298,L5
Cell_759,381,3410.134151547492,-3543.61174,L6
Cell_762,902,9857.723982184305,-3496.256791,L2/3
Cell_763,698,9392.922944871445,-3495.693496,L4
Cell_764,399,1501.3238988068535,-3497.694268,CC
Cell_765,314,8820.197089332714,-3515.396501,L4
Cell_766,558,4729.792425771498,-3524.964147,L6
Cell_768,594,8236.942511525276,-3519.266953,L4
Cell_769,741,12119.74165046225,-3520.7511,L2/3
Cell_770,287,5463.881487558107,-3538.706864,L5
Cell_771,273,6352.536599241466,-3533.610872,L5
Cell_772,591,8686.976694141053,-3553.297292,L4
Cell_773,425,7471.354924142106,-3569.817449,L4
Cell_775,509,8911.174744494785,-3555.404067,L4
Cell_776,290,4185.253319768687,-3567.887342,L6
Cell_777,279,7130.722304011779,-3569.700834,L5
Cell_778,407,11851.669934346612,-3558.216117,L2/3
Cell_779,410,11246.724559725877,-3575.22711,L2/3
Cell_780,375,12516.297523681887,-3568.843745,L1
Cell_781,321,5946.968055960361,-3618.711804,L5
Cell_782,584,3807.418459370596,-3605.964162,L6
Cell_783,417,1103.228938049995,-3607.852505,HPC
Cell_785,875,7270.183200653195,-3609.4439,L5
Cell_786,231,1601.9652957247283,-3611.8315,CC
Cell_787,747,4482.7217903849705,-3657.349825,L6
Cell_788,894,4799.313381585592,-3636.806262,L6
Cell_789,625,738.7914231950084,-3633.987455,HPC
Cell_790,629,7679.134628780935,-3652.242566,L4
Cell_791,425,11784.41925676884,-3671.182052,L2/3
Cell_792,597,12202.976982268316,-3657.136735,L1
Cell_793,254,6667.059836988934,-3653.1263,L5
Cell_794,1189,2969.7603951666233,-3621.284632,CC
Cell_796,876,7952.439248280926,-3664.417752,L4
Cell_798,548,12375.090340514244,-3671.05266,L1
Cell_799,456,10333.018353271247,-3695.358571,L2/3
Cell_800,376,6525.965982224946,-3709.466486,L5
Cell_801,685,10033.637036250357,-3712.83521,L2/3
Cell_802,323,1651.940743165821,-3723.521471,CC
Cell_803,489,3609.479379251701,-3714.085778,L6
Cell_804,430,5773.305833552805,-3762.986766,L5
Cell_805,389,8453.771813626678,-3728.040719,L4
Cell_806,547,3776.402959899886,-3744.232494,L6
Cell_807,543,8712.713638080846,-3742.989139,L4
Cell_808,612,9047.867991290146,-3744.645924,L4
Cell_809,362,8203.847209245143,-3735.348857,L4
Cell_810,430,8582.778913420987,-3762.574696,L4
Cell_811,331,5417.186598249321,-3775.660066,L5
Cell_812,452,9408.94731475187,-3763.201903,L4
Cell_813,698,6032.546969509936,-3774.396988,L5
Cell_814,403,9550.15698034176,-3795.349041,L2/3
Cell_815,718,672.3368716827972,-3810.069466,HPC
Cell_816,446,3902.030204126791,-3796.885822,L6
Cell_817,1183,4230.941938231095,-3809.16905,L6
Cell_818,496,5895.4847195357825,-3791.680519,L5
Cell_819,553,9276.418332742824,-3811.685833,L4
Cell_820,425,3048.624989642887,-3808.400903,CC
Cell_821,287,6704.930691592503,-3811.354298,L5
Cell_822,385,12560.932523775837,-3808.828342,L1
Cell_823,671,10333.050259760705,-3816.279203,L2/3
Cell_824,459,1844.427432359792,-3810.702025,CC
Cell_825,349,2236.4384177030906,-3841.228693,CC
Cell_826,288,108.01540766103146,-3832.48502,HPC
Cell_827,279,1438.3206240057473,-3826.689947,CC
Cell_828,217,8879.554695895122,-3829.403181,L4
Cell_829,235,3578.1234880227685,-3838.770496,L6
Cell_830,364,7448.770508826585,-3819.146733,L4
Cell_831,931,10576.75194736842,-3822.140579,L2/3
Cell_833,645,6302.396338883975,-3841.697612,L5
Cell_834,465,12992.620841804732,-3845.929662,L1
Cell_836,317,2725.083333333333,-3874.883493,CC
Cell_837,492,3774.1186925434117,-3865.109568,L6
Cell_838,251,4009.7132095420598,-3865.105002,L6
Cell_839,692,10959.01313668846,-3894.057625,L2/3
Cell_841,1156,9777.324634356179,-3914.921599,L2/3
Cell_842,372,12823.947593435389,-3842.263228,L1
Cell_843,441,1749.1158090305146,-3885.929344,CC
Cell_844,283,3282.649566803465,-3904.619699,L6
Cell_845,265,5861.074998143609,-3897.44338,L5
Cell_846,423,7759.2774593410695,-3892.388741,L4
Cell_847,343,1063.2117562466294,-3894.467434,HPC
Cell_848,788,11682.884092443188,-3914.266658,L2/3
Cell_849,356,6156.49393147399,-3933.71358,L5
Cell_851,211,7133.851342953809,-3923.460747,L5
Cell_852,605,13123.788228652082,-3866.355258,L1
Cell_853,557,5178.46541359105,-3925.994064,L6
Cell_854,616,7322.985408943923,-3939.730184,L5
Cell_855,662,8919.350394226914,-3961.097332,L4
Cell_856,225,3863.6654873220455,-3937.316738,L6
Cell_857,622,8513.791838161062,-3981.253359,L4
Cell_858,356,12887.398082629536,-3975.558913,L1
Cell_859,229,782.4121625974361,-3939.209302,HPC
Cell_860,703,12078.410949241746,-3982.058951,L2/3
Cell_861,700,7935.386518546414,-3958.63811,L4
Cell_862,320,9099.131545899787,-3967.934321,L4
Cell_864,203,3750.048136768298,-3970.447491,L6
Cell_865,332,1034.2263843648211,-3998.237649,HPC
Cell_866,835,4769.427440025344,-3992.342338,L6
Cell_867,648,9235.25814054998,-3998.992143,L4
Cell_868,453,3456.815540171251,-3988.73538,L6
Cell_869,218,12491.708645336963,-4008.238636,L1
Cell_870,634,10157.439786500612,-4012.130249,L2/3
Cell_871,378,10538.738789176137,-4038.884352,L2/3
Cell_872,277,748.4462719298245,-4043.66686,HPC
Cell_873,956,5588.019769409111,-4023.03061,L5
Cell_874,919,11490.64479064076,-4026.507804,L2/3
Cell_875,276,1772.644380733945,-4035.454186,CC
Cell_876,471,8191.038769906646,-4025.356562,L4
Cell_877,541,11777.84633503673,-4081.345457,L2/3
Cell_878,519,271.6287620029645,-4060.636914,HPC
Cell_879,603,3342.2850573665996,-4059.946276,L6
Cell_880,706,5852.138549633603,-4056.02815,L5
Cell_881,754,7719.53205760505,-4061.326034,L4
Cell_882,483,6884.285560923242,-4043.07874,L5
Cell_883,498,9016.514427307677,-4071.174286,L4
Cell_884,382,10429.488068181818,-4068.428283,L2/3
Cell_885,290,1366.691427179737,-4064.546274,CC
Cell_887,871,10954.612974456912,-4066.948556,L2/3
Cell_888,419,8054.2256135285625,-4090.966643,L4
Cell_889,458,520.0736071235385,-4119.050015,HPC
Cell_890,786,8786.693620537368,-4055.975525,L4
Cell_891,673,7196.321908464633,-4122.946661,L5
Cell_892,356,8234.372737719046,-4125.408719,L4
Cell_893,600,11660.28853403363,-4105.897793,L2/3
Cell_894,231,2319.6146824438542,-4116.463077,CC
Cell_895,268,8336.307028581701,-4104.684523,L4
Cell_896,252,9305.39175919389,-4114.559399,L4
Cell_898,362,3783.482253404871,-4135.830634,L6
Cell_899,1042,5578.880079911676,-4178.390568,L5
Cell_900,254,12762.8910543131,-4156.292058,L1
Cell_901,306,1439.4168957496302,-4167.933231,CC
Cell_902,364,1985.5217171376544,-4168.474,CC
Cell_903,865,2951.0946610556202,-4220.889064,CC
Cell_904,442,7337.274406838131,-4179.941776,L5
Cell_905,421,4685.492397660819,-4187.108967,L6
Cell_906,507,3669.9610910962433,-4214.540659,L6
Cell_907,490,4449.7279960663345,-4209.015422,L6
Cell_908,241,6790.297630799604,-4214.6635,L5
Cell_909,338,11957.344885078002,-4245.794391,L2/3
Cell_910,306,10013.7860017002,-4243.505356,L2/3
Cell_911,387,7844.891001335113,-4251.748892,L4
Cell_912,318,8104.4749346120325,-4266.155013,L4
Cell_913,315,10382.00836254593,-4228.647506,L2/3
Cell_914,234,1356.266998548019,-4256.028791,CC
Cell_915,365,5847.9580994958615,-4281.23314,L5
Cell_916,462,5332.54306606581,-4260.01607,L6
Cell_917,674,12070.102826193192,-4271.171404,L2/3
Cell_918,482,9367.796592453224,-4242.780461,L4
Cell_919,511,10767.546983929566,-4272.920073,L2/3
Cell_922,491,11290.035090993933,-4284.933691,L2/3
Cell_923,419,5750.941156208738,-4303.824215,L5
Cell_924,223,10252.275977301388,-4289.637516,L2/3
Cell_925,442,7737.191930811179,-4299.386972,L4
Cell_926,327,8943.66074735293,-4304.834861,L4
Cell_927,355,12646.787178180964,-4309.792703,L1
Cell_928,750,6303.05060330425,-4309.255987,L5
Cell_929,359,9083.162116381029,-4314.891491,L4
Cell_931,612,6712.636660309388,-4330.937317,L5
Cell_932,237,1948.3699293048305,-4352.741416,CC
Cell_933,488,10098.50818359103,-4373.875122,L2/3
Cell_934,255,8753.996938150643,-4325.895948,L4
Cell_935,330,2537.5755180892165,-4336.26566,CC
Cell_936,261,10545.861418614186,-4326.389863,L2/3
Cell_937,683,505.15639252611453,-4349.022069,HPC
Cell_938,406,11370.783754397185,-4339.963224,L2/3
Cell_939,534,9717.470657651336,-4324.272182,L2/3
Cell_940,471,9939.485369805567,-4341.076058,L2/3
Cell_941,339,3660.9940001874943,-4358.552076,L6
Cell_942,906,6479.992010619115,-4357.088459,L5
Cell_943,349,7993.258298254089,-4362.059554,L4
Cell_944,497,5090.3202307969705,-4366.631366,L6
Cell_945,543,5594.584488984248,-4379.427704,L5
Cell_946,654,9282.318675237326,-4384.267124,L4
Cell_947,361,13005.224215784216,-4365.377463,L1
Cell_948,737,11466.868311385231,-4387.958868,L2/3
Cell_949,792,4026.926391171637,-4400.282842,L6
Cell_950,546,12262.636831431426,-4374.919696,L1
Cell_951,472,11857.508624594904,-4379.162456,L2/3
Cell_952,570,3128.7096380984412,-4388.197638,CC
Cell_953,788,10907.856566954897,-4409.327734,L2/3
Cell_954,337,4428.767043748123,-4436.620332,L6
Cell_955,244,5348.317915347638,-4438.997714,L6
Cell_956,457,5698.067746199605,-4435.666116,L5
Cell_957,445,8476.76499357771,-4457.631163,L4
Cell_958,383,1048.8454996456414,-4449.125868,HPC
Cell_959,544,8161.660191323321,-4444.022699,L4
Cell_960,201,8604.725312361259,-4446.922116,L4
Cell_961,423,7998.739683173589,-4458.298256,L4
Cell_962,311,9095.53261856138,-4441.630531,L4
Cell_963,296,4914.179944331603,-4457.843414,L6
Cell_964,336,9745.209134002751,-4459.440287,L2/3
Cell_966,731,10372.131967080846,-4461.246797,L2/3
Cell_968,383,2850.9632810909834,-4462.509912,CC
Cell_969,979,7353.469872953053,-4484.15194,L5
Cell_970,308,3300.397051460361,-4502.871599,L6
Cell_971,760,5954.833000912748,-4494.795173,L5
Cell_972,510,12773.075481842998,-4496.903962,L1
Cell_973,961,7217.1020493226815,-4512.548663,L5
Cell_974,376,11523.030463836478,-4523.45853,L2/3
Cell_975,329,1761.8012567324954,-4522.620332,CC
Cell_976,582,6377.52802425318,-4532.38831,L5
Cell_977,263,2160.076777382548,-4533.918141,CC
Cell_978,604,4667.585570599613,-4535.211528,L6
Cell_979,217,1527.9428313912315,-4568.551407,CC
Cell_980,220,3020.7697645079893,-4585.12125,CC
Cell_981,628,2673.1640915119365,-4595.941678,CC
Cell_982,298,8958.317872790452,-4606.870877,L4
Cell_983,364,12504.30720104802,-4606.074753,L1
Cell_984,332,875.4499160928187,-4599.630461,HPC
Cell_985,510,8133.257246243031,-4604.29225,L4
Cell_986,207,1030.0868077827668,-4611.247096,HPC
Cell_987,354,7737.279278482692,-4601.050046,L4
Cell_988,303,12274.832792875086,-4608.401142,L1
Cell_989,358,3712.8639221253297,-4610.232475,L6
Cell_990,325,6594.734809054995,-4615.532012,L5
Cell_991,326,789.2481446101845,-4603.150636,HPC
Cell_992,290,5386.76629618504,-4617.030554,L6
Cell_993,669,9737.27729442432,-4635.883442,L2/3
Cell_994,632,4308.290650632816,-4639.493375,L6
Cell_995,267,9161.504534749713,-4620.636368,L4
Cell_996,637,6711.153800973318,-4613.825096,L5
Cell_997,588,10022.468123297846,-4595.155886,L2/3
Cell_999,391,3258.6226586263947,-4655.707882,L6
Cell_1000,320,4690.949620920778,-4651.410669,L6
Cell_1001,376,1400.2865769560517,-4631.991017,CC
Cell_1002,413,10503.717276784217,-4660.15579,L2/3
Cell_1003,788,11439.904257595208,-4660.364142,L2/3
Cell_1004,948,4090.799374894408,-4671.376105,L6
Cell_1005,674,7869.895979634832,-4685.837283,L4
Cell_1006,204,3735.9517048295174,-4693.144086,L6
Cell_1007,286,9277.507731958764,-4693.204447,L4
Cell_1008,448,463.19616111676595,-4696.77243,HPC
Cell_1009,419,10673.248412040874,-4714.933306,L2/3
Cell_1010,266,8658.989515786921,-4699.540573,L4
Cell_1011,536,8795.684210526315,-4709.182235,L4
Cell_1012,772,2944.235428695936,-4720.446926,CC
Cell_1013,281,8071.622312012053,-4716.891453,L4
Cell_1014,371,11142.130824877866,-4749.690812,L2/3
Cell_1015,436,13656.699641189858,-4746.997492,L1
Cell_1016,648,11393.03633260937,-4761.438815,L2/3
Cell_1018,460,6947.481365435357,-4727.70733,L5
Cell_1019,277,12685.374858937246,-4757.397723,L1
Cell_1020,235,6671.79757130754,-4759.836091,L5
Cell_1021,585,12162.60076320546,-4753.718498,L2/3
Cell_1022,317,1455.5865101095196,-4786.724832,CC
Cell_1023,562,10793.018026250207,-4802.818491,L2/3
Cell_1024,731,3258.451582477468,-4807.018061,L6
Cell_1025,586,9756.84820941647,-4809.139538,L2/3
Cell_1026,456,9081.348613173845,-4802.743026,L4
Cell_1027,282,5880.686284758521,-4829.817897,L5
Cell_1028,502,10929.024936770644,-4845.151262,L2/3
Cell_1029,819,6842.852587306513,-4838.293791,L5
Cell_1030,283,5687.235388847883,-4832.35107,L5
Cell_1031,815,7069.765557719206,-4845.148515,L5
Cell_1032,1252,6167.756343674549,-4819.371919,L5
Cell_1033,430,8765.659681859895,-4834.117671,L4
Cell_1034,642,9276.601283442646,-4849.864908,L4
Cell_1035,251,10248.47481249631,-4837.002185,L2/3
Cell_1036,509,4249.1385263840475,-4834.26838,L6
Cell_1037,383,11957.459394356503,-4864.747591,L2/3
Cell_1038,333,10609.80859300325,-4861.93247,L2/3
Cell_1039,337,12114.7479389747,-4864.03364,L2/3
Cell_1040,387,1023.3101404458188,-4854.666838,HPC
Cell_1041,421,3046.811096600244,-4844.692547,CC
Cell_1042,441,7865.059959118783,-4867.803467,L4
Cell_1043,293,8394.983724680036,-4872.101129,L4
Cell_1044,232,10119.842908146706,-4870.221032,L2/3
Cell_1045,288,842.5700968460303,-4893.062303,HPC
Cell_1046,381,9393.687805994052,-4903.030657,L4
Cell_1047,374,4584.756619432055,-4904.720601,L6
Cell_1048,493,8583.070188310101,-4887.521195,L4
Cell_1049,704,9172.861159564749,-4935.006354,L4
Cell_1050,781,9650.695278823128,-4921.405576,L2/3
Cell_1051,474,4041.8763256518623,-4901.124512,L6
Cell_1052,542,5699.339796122325,-4934.11633,L5
Cell_1053,435,8195.403888865609,-4927.949964,L4
Cell_1054,766,3535.824519680411,-4894.466825,L6
Cell_1055,231,13126.982982736705,-4913.066552,L1
Cell_1056,500,4356.1266334930015,-4942.568804,L6
Cell_1057,238,677.3316227521669,-4945.222692,HPC
Cell_1058,704,11435.860551867903,-4935.042816,L2/3
Cell_1059,888,6305.0910715693735,-4947.554446,L5
Cell_1060,225,5356.608802938138,-4949.992482,L6
Cell_1062,419,213.60435139252374,-4960.114175,HPC
Cell_1063,740,2768.6514756120705,-4948.617266,CC
Cell_1064,203,12374.414638694641,-4997.381725,L1
Cell_1065,301,10335.23159303882,-4980.541901,L2/3
Cell_1066,541,10894.339275918815,-4983.923325,L2/3
Cell_1067,246,1207.1470715600306,-4989.700715,HPC
Cell_1068,458,5059.993476959904,-4995.468282,L6
Cell_1069,402,1619.6447133087852,-5004.534876,CC
Cell_1070,280,5871.027391357874,-4999.140835,L5
Cell_1071,502,11721.765315996372,-5009.525703,L2/3
Cell_1072,387,2333.3296442980345,-5022.111152,CC
Cell_1073,456,4758.513978686405,-5013.326883,L6
Cell_1074,512,8392.493326862412,-5039.310847,L4
Cell_1075,419,4546.445976761864,-5051.36839,L6
Cell_1076,291,7628.100344208322,-5065.34679,L4
Cell_1077,683,3732.9930058939094,-5057.86275,L6
Cell_1079,1063,6323.003485509544,-5099.724596,L5
Cell_1080,260,8125.53948953255,-5116.642902,L4
Cell_1081,240,11455.950606443115,-5065.297459,L2/3
Cell_1084,675,5099.358392434988,-5128.501909,L6
Cell_1085,286,8956.435847409766,-5116.178313,L4
Cell_1087,1058,9585.862365525107,-5115.956167,L2/3
Cell_1088,406,1640.1827097163546,-5144.729481,CC
Cell_1090,781,3971.618438234526,-5120.008521,L6
Cell_1091,750,12029.276634951675,-5111.778308,L2/3
Cell_1092,539,5963.200512552798,-5139.95463,L5
Cell_1093,1184,7139.688810649671,-5151.383275,L5
Cell_1094,418,4724.305120873408,-5164.537198,L6
Cell_1095,436,8335.73856025479,-5158.91443,L4
Cell_1096,455,4308.793917652728,-5153.41345,L6
Cell_1097,267,2199.362810707457,-5191.572043,CC
Cell_1098,455,4145.0833217350955,-5178.386778,L6
Cell_1099,833,7461.3438782824,-5179.970385,L4
Cell_1100,421,8010.72662406155,-5189.958615,L4
Cell_1101,762,11876.145163968453,-5195.253217,L2/3
Cell_1102,649,10177.063570255688,-5221.91262,L2/3
Cell_1103,578,3092.626317686278,-5230.781287,CC
Cell_1104,369,3217.1521813224267,-5214.259373,L6
Cell_1105,458,11720.69036724625,-5214.526041,L2/3
Cell_1106,387,6841.927597374925,-5218.465397,L5
Cell_1107,435,12031.643153974852,-5240.458956,L2/3
Cell_1108,582,4275.467182076365,-5251.468076,L6
Cell_1109,464,5682.662514906586,-5220.318316,L5
Cell_1110,266,11304.753616748138,-5245.656002,L2/3
Cell_1111,348,5943.833992094862,-5245.847477,L5
Cell_1113,259,2704.0897671272587,-5263.918398,CC
Cell_1114,614,10530.676176162744,-5228.978127,L2/3
Cell_1115,401,8413.20220013402,-5256.586163,L4
Cell_1116,319,4893.315022815023,-5254.890722,L6
Cell_1117,992,9597.729129723091,-5262.33314,L2/3
Cell_1118,901,9870.757600346209,-5254.658769,L2/3
Cell_1119,584,3425.7313875345894,-5267.689221,L6
Cell_1120,479,7917.066073125595,-5279.242485,L4
Cell_1121,377,2121.3055189301185,-5265.150813,CC
Cell_1122,472,4055.877449751892,-5293.611448,L6
Cell_1123,447,8082.411744466109,-5290.478839,L4
Cell_1124,716,804.0709484690068,-5294.890851,HPC
Cell_1125,997,13793.778969011602,-5269.990542,L1
Cell_1126,418,1120.0892318679576,-5312.119981,HPC
Cell_1128,689,10297.424485524938,-5293.987824,L2/3
Cell_1129,312,8154.213289439487,-5333.981374,L4
Cell_1130,883,9093.854259660755,-5332.888311,L4
Cell_1132,803,444.98084314196495,-5297.057501,HPC
Cell_1133,369,5550.5369000942965,-5340.317832,L5
Cell_1134,332,4877.651652331371,-5345.22861,L6
Cell_1135,319,5060.381639782185,-5358.771653,L6
Cell_1136,499,1614.133688591544,-5340.904041,CC
Cell_1137,614,8600.627329473493,-5351.967523,L4
Cell_1138,603,3728.360371432473,-5373.589717,L6
Cell_1140,550,11593.859959486834,-5375.847468,L2/3
Cell_1142,362,7877.095031383821,-5391.007274,L4
Cell_1143,356,11238.421070234112,-5392.225418,L2/3
Cell_1145,294,8315.636265041574,-5375.577906,L4
Cell_1146,465,9511.050434324825,-5386.732087,L2/3
Cell_1147,397,3148.1538151891937,-5390.848063,CC
Cell_1148,490,6459.446216116768,-5421.067623,L5
Cell_1149,561,10049.189301223843,-5438.163344,L2/3
Cell_1150,646,9283.805458744491,-5408.233886,L4
Cell_1152,716,3564.296697291574,-5417.760306,L6
Cell_1153,606,8145.936413756892,-5431.765135,L4
Cell_1154,273,6831.566086910269,-5442.322323,L5
Cell_1155,598,747.5497277586293,-5438.391778,HPC
Cell_1156,570,11000.716587112172,-5455.111365,L2/3
Cell_1157,572,11814.213646109221,-5446.952894,L2/3
Cell_1158,385,1299.0535375380678,-5447.838946,CC
Cell_1159,529,3324.231055041908,-5469.60343,L6
Cell_1160,609,7145.499202950646,-5473.074516,L5
Cell_1162,844,905.7540484475377,-5478.052195,HPC
Cell_1163,755,7682.922458709349,-5474.165912,L4
Cell_1164,436,9543.265104405316,-5484.224128,L2/3
Cell_1165,614,6031.044145717418,-5481.628112,L5
Cell_1166,580,8603.584568886861,-5489.35122,L4
Cell_1168,341,9179.735102861196,-5478.307697,L4
Cell_1169,327,1933.5843869681546,-5499.658727,CC
Cell_1170,451,8738.365442601766,-5494.411103,L4
Cell_1172,329,10718.030602863271,-5500.080294,L2/3
Cell_1174,715,2701.344576479965,-5519.122238,CC
Cell_1175,475,7291.18613497457,-5519.571355,L5
Cell_1177,461,9411.371399777225,-5513.372514,L4
Cell_1178,465,2592.866808688001,-5536.651276,CC
Cell_1179,538,1587.4918566775243,-5539.823523,CC
Cell_1181,286,3459.556996685401,-5574.667003,L6
Cell_1182,381,8510.198335644938,-5579.547454,L4
Cell_1183,381,9683.665042752038,-5574.620203,L2/3
Cell_1184,350,4777.129033764536,-5589.928128,L6
Cell_1185,250,298.6749825459623,-5625.013032,HPC
Cell_1186,444,6192.011547344111,-5576.930847,L5
Cell_1187,341,9559.260784661814,-5614.156341,L2/3
Cell_1188,841,11300.845337657163,-5614.324487,L2/3
Cell_1189,784,3688.9044627034004,-5604.143161,L6
Cell_1190,309,8697.967531380753,-5607.877322,L4
Cell_1191,280,12057.90221468578,-5590.103643,L2/3
Cell_1192,273,3955.135167384819,-5622.570699,L6
Cell_1193,656,10629.779330674528,-5632.873071,L2/3
Cell_1194,528,13802.695726953063,-5619.669011,L1
Cell_1195,252,1960.8386028882599,-5634.072206,CC
Cell_1196,515,10352.196037125235,-5638.210142,L2/3
Cell_1198,240,3234.826116586287,-5639.844202,L6
Cell_1200,827,9963.44199369808,-5643.975795,L2/3
Cell_1201,1036,5017.5945530990175,-5604.583475,L6
Cell_1202,255,11637.499146757678,-5657.500753,L2/3
Cell_1203,409,10205.459869744278,-5665.055167,L2/3
Cell_1204,257,2165.139392808842,-5702.730308,CC
Cell_1205,438,10093.028006905812,-5700.659026,L2/3
Cell_1206,388,9259.977206616592,-5699.384231,L4
Cell_1207,474,9005.417952867801,-5708.065132,L4
Cell_1208,296,4352.665683337174,-5707.53994,L6
Cell_1210,560,7465.7139542355335,-5717.676757,L4
Cell_1212,382,656.0813779331004,-5735.392638,HPC
Cell_1213,734,9855.723322494829,-5735.016891,L2/3
Cell_1214,517,8515.455210772834,-5723.233265,L4
Cell_1215,257,8260.456108248663,-5736.308615,L4
Cell_1216,531,12246.169925282986,-5748.320791,L1
Cell_1217,520,10863.327508532424,-5764.087986,L2/3
Cell_1218,329,831.4332618600911,-5788.600375,HPC
Cell_1219,287,1346.553744584279,-5776.786672,CC
Cell_1220,692,9139.473331509847,-5760.661379,L4
Cell_1221,727,4914.397938401429,-5773.65622,L6
Cell_1222,728,11656.616071126737,-5789.804401,L2/3
Cell_1223,751,12113.173948305652,-5783.996227,L2/3
Cell_1224,568,8639.328248393584,-5780.988375,L4
Cell_1225,266,1779.7834044570886,-5791.636795,CC
Cell_1227,440,6243.206118018551,-5790.509256,L5
Cell_1228,230,1965.5069132009216,-5782.007846,CC
Cell_1229,308,4747.846313107183,-5796.732441,L6
Cell_1230,456,7799.224487053131,-5792.33626,L4
Cell_1231,330,5929.976056593507,-5830.415473,L5
Cell_1232,302,11223.38649215325,-5809.536438,L2/3
Cell_1233,552,11341.05743272664,-5799.412784,L2/3
Cell_1234,349,2459.188761668276,-5795.196441,CC
Cell_1235,584,6584.125699648989,-5804.807656,L5
Cell_1236,442,242.42662148169063,-5865.237064,HPC
Cell_1237,299,3686.6097111553786,-5813.298357,L6
Cell_1238,251,8047.409523349592,-5787.34201,L4
Cell_1239,208,1207.8867013653164,-5801.058912,HPC
Cell_1240,902,3540.793528880239,-5818.417217,L6
Cell_1241,390,4461.304862902455,-5813.480462,L6
Cell_1242,434,13711.940806173216,-5804.279013,L1
Cell_1243,650,5278.4559113218265,-5862.599713,L6
Cell_1244,486,5634.785060026678,-5855.74811,L5
Cell_1245,288,12376.262214234963,-5848.988549,L1
Cell_1246,721,9818.203315455876,-5853.133187,L2/3
Cell_1247,552,3352.370096745822,-5875.663237,L6
Cell_1248,324,3820.3291761602113,-5872.275273,L6
Cell_1251,216,9341.546272493571,-5889.062468,L4
Cell_1252,386,13697.795579682048,-5906.86266,L1
Cell_1253,391,8589.662454424926,-5910.105486,L4
Cell_1254,337,2174.812101910828,-5900.265752,CC
Cell_1255,330,6607.5504654859205,-5918.408095,L5
Cell_1256,365,11741.895863495349,-5903.16122,L2/3
Cell_1257,298,1948.1768525402729,-5946.402677,CC
Cell_1258,362,13509.942565832906,-5927.290105,L1
Cell_1259,447,3958.8804727019015,-5923.481336,L6
Cell_1260,453,4262.054931059306,-5935.269893,L6
Cell_1261,436,5491.268404225181,-5948.412319,L5
Cell_1262,611,10318.9029732809,-5931.605902,L2/3
Cell_1263,395,728.0904092013012,-5942.469459,HPC
Cell_1264,795,7866.524504223833,-5960.937032,L4
Cell_1265,867,9968.631235431236,-5946.014086,L2/3
Cell_1266,384,1587.0369261477047,-5943.947724,CC
Cell_1267,538,10509.73285111513,-5955.744063,L2/3
Cell_1268,232,13026.756858710562,-5966.527378,L1
Cell_1269,798,11344.634652324241,-5970.762133,L2/3
Cell_1270,202,3756.84887168506,-5980.941196,L6
Cell_1271,699,2757.143534052199,-5939.024742,CC
Cell_1272,535,11623.464986297417,-5977.463688,L2/3
Cell_1273,409,10784.391184387618,-6007.749327,L2/3
Cell_1274,621,8401.201051508084,-5991.895363,L4
Cell_1275,920,9088.742380478088,-6026.205677,L4
Cell_1276,729,11074.601122010845,-6013.705018,L2/3
Cell_1277,639,12101.786743623159,-6002.505306,L2/3
Cell_1278,465,1700.5145345168482,-6002.721215,CC
Cell_1279,783,3038.9622746961018,-5991.748568,CC
Cell_1280,665,8872.47436321535,-6012.21171,L4
Cell_1281,497,13714.640208717004,-6003.00884,L1
Cell_1282,335,510.3522469570047,-6014.825196,HPC
Cell_1283,327,4090.088669663184,-5992.087035,L6
Cell_1284,410,7603.242514855281,-6005.138279,L4
Cell_1285,398,12332.667487978379,-6011.356078,L1
Cell_1286,358,13489.007089480745,-6025.105065,L1
Cell_1287,326,13601.930336567617,-6029.965509,L1
Cell_1288,256,4808.104825675364,-6039.165089,L6
Cell_1289,399,4197.609385136596,-6029.340662,L6
Cell_1290,511,2928.3533297384743,-6017.85333,CC
Cell_1291,485,8600.730709845995,-6060.772002,L4
Cell_1292,389,2611.798280279672,-6074.539931,CC
Cell_1293,607,9331.849741167924,-6078.611252,L4
Cell_1294,273,3797.379074295045,-6078.584061,L6
Cell_1295,507,9747.094809637121,-6058.615779,L2/3
Cell_1297,450,3456.322411115977,-6105.014213,L6
Cell_1299,457,4038.808167621616,-6116.883833,L6
Cell_1300,292,9219.449417689644,-6119.052188,L4
Cell_1301,406,12775.4841592499,-6113.203128,L1
Cell_1302,352,13723.241451941303,-6113.418872,L1
Cell_1303,307,2415.870105986546,-6132.389827,CC
Cell_1304,607,6421.831022163014,-6084.851914,L5
Cell_1305,708,7309.338464594301,-6144.782302,L5
Cell_1306,560,12071.521531100478,-6142.376185,L2/3
Cell_1307,496,1650.6172652422085,-6145.610092,CC
Cell_1308,605,5566.1154264972765,-6146.112079,L5
Cell_1309,686,3142.2653541357113,-6162.60655,CC
Cell_1310,676,6147.652068478772,-6169.18115,L5
Cell_1311,312,12473.65973163163,-6179.267975,L1
Cell_1312,453,3917.3426840098214,-6173.243797,L6
Cell_1314,302,5806.1593382673045,-6190.726849,L5
Cell_1316,304,13746.189608569426,-6188.828912,L1
Cell_1317,344,2967.646446639364,-6199.95206,CC
Cell_1318,888,3630.0739637703414,-6201.601351,L6
Cell_1319,346,1812.1411301185346,-6159.401199,CC
Cell_1320,379,2132.390265189661,-6168.302551,CC
Cell_1321,372,9995.779348869686,-6184.006503,L2/3
Cell_1322,477,655.3741228070176,-6193.480007,HPC
Cell_1323,276,1537.4125779692624,-6210.292264,CC
Cell_1324,215,7880.187838130275,-6218.5066,L4
Cell_1325,377,5908.531053059565,-6193.965796,L5
Cell_1326,455,8226.1880489335,-6225.021748,L4
Cell_1327,712,10414.008381521668,-6227.12569,L2/3
Cell_1329,956,4658.963596736667,-6195.408859,L6
Cell_1330,515,4243.3290677283285,-6237.123039,L6
Cell_1331,782,6662.451994450224,-6257.734131,L5
Cell_1332,515,11194.219088937094,-6273.643807,L2/3
Cell_1333,256,1282.916712937257,-6257.342726,CC
Cell_1334,491,8347.204757933547,-6261.082693,L4
Cell_1335,450,12016.099027177945,-6287.276753,L2/3
Cell_1336,312,7007.245987075256,-6252.8358,L5
Cell_1337,616,12196.351247828146,-6260.029142,L2/3
Cell_1338,479,10858.919222289036,-6282.746843,L2/3
Cell_1340,278,13749.63606286187,-6300.751218,L1
Cell_1342,744,7434.681045296167,-6279.291568,L4
Cell_1346,742,6079.556228652446,-6325.804537,L5
Cell_1347,289,1509.5075415753513,-6315.422908,CC
Cell_1348,779,9860.083656055136,-6320.769511,L2/3
Cell_1349,375,10155.231620179064,-6333.675534,L2/3
Cell_1350,514,11290.694093628335,-6321.137404,L2/3
Cell_1351,658,11700.303223997757,-6336.213485,L2/3
Cell_1352,211,885.3753868440114,-6328.64575,HPC
Cell_1353,645,7046.3818080213205,-6344.315565,L5
Cell_1354,692,9382.737257928196,-6308.367986,L4
Cell_1355,532,5910.400401313389,-6341.23568,L5
Cell_1356,204,3881.968621477533,-6329.439604,L6
Cell_1357,334,7745.022766342982,-6335.154672,L4
Cell_1358,221,10564.993858079904,-6321.672451,L2/3
Cell_1359,288,11435.301751549448,-6350.473835,L2/3
Cell_1360,204,1210.5513046890328,-6352.122229,HPC
Cell_1361,544,3362.832090622312,-6353.474907,L6
Cell_1362,207,9674.209096036508,-6362.788904,L2/3
Cell_1363,239,668.8180716296528,-6377.663122,HPC
Cell_1364,263,4429.318072430592,-6379.089805,L6
Cell_1365,719,6735.648859282479,-6365.706287,L5
Cell_1366,653,12836.44514337064,-6347.700433,L1
Cell_1368,251,7618.382697947214,-6382.390323,L4
Cell_1369,316,13539.365362827086,-6375.001996,L1
Cell_1370,430,2614.5622121981023,-6387.177521,CC
Cell_1371,400,3147.233611926813,-6382.532098,CC
Cell_1373,224,1559.172307011723,-6403.563813,CC
Cell_1375,262,9018.155515908416,-6377.419665,L4
Cell_1377,520,2412.40823432284,-6365.152339,CC
Cell_1378,513,7298.9990204573705,-6379.26572,L5
Cell_1379,255,8542.13165625167,-6402.613791,L4
Cell_1380,334,4608.706895740174,-6380.487456,L6
Cell_1381,550,12169.635764481674,-6401.176321,L2/3
Cell_1382,591,3586.1322572988374,-6400.34892,L6
Cell_1383,336,4005.0142024584948,-6404.411871,L6
Cell_1385,392,9495.290017339608,-6404.294179,L2/3
Cell_1387,334,13653.53175226802,-6418.719694,L1
Cell_1390,575,10739.602698015031,-6435.096319,L2/3
